3589beee-d7d8-47a5-844f-9477e923be0b,2025-10-10 09:20:33.70834+00,2025-10-10 09:20:33.70834+00,Dumbbell Wrist Rotation (Pronation & Supination),"Rotating the dumbbell works pronation and supination control, improving grip stability and forearm strength.",Forearms,"{'"Pronator teres'",'"Pronator quadratus'",Supinator,Brachioradialis}",{},8,3,90,1/1/1,https://fitness-front-iin2.vercel.app/uploads/exercises/dumbbell-wrist-rotation-(pronation-&-supination).png,https://fitness-front-iin2.vercel.app/uploads/exercises/dumbbell-wrist-rotation-(pronation-&-supination).mp4,0
c9921e7a-efb7-46b4-acb1-120541f09c6b,2025-10-10 09:20:33.70834+00,2025-10-10 09:20:33.70834+00,Dumbbell Farmer’s Carry / Hold,Holding dumbbells at the side trains grip endurance and overall forearm strength isometrically.,Forearms,"{'"Forearm flexors'",'"Forearm extensors'",Brachioradialis}","{Trapezius,'"Core stabilizers'"}",8,3,90,1/1/1,https://fitness-front-iin2.vercel.app/uploads/exercises/dumbbell-farmer’s-carry--hold.png,https://fitness-front-iin2.vercel.app/uploads/exercises/dumbbell-farmer’s-carry--hold.mp4,0
027116f0-726f-4bbc-9be5-061c69694735,2025-10-10 09:20:33.70834+00,2025-10-10 09:20:33.70834+00,Dumbbell Shoulder Press,"Performed seated or standing, pressing dumbbells overhead to target the front and side delts.",Shoulders,"{'"Anterior deltoid'",'"Lateral deltoid'",Trapezius}","{'"Triceps brachii'",'"Upper chest (clavicular head)'"}",8,3,90,1/1/1,https://fitness-front-iin2.vercel.app/uploads/exercises/dumbbell-shoulder-press.png,https://fitness-front-iin2.vercel.app/uploads/exercises/dumbbell-shoulder-press.mp4,0
1760c6ab-5b93-48a9-bbbd-5587a3c8a811,2025-10-10 09:20:33.70834+00,2025-10-10 09:20:33.70834+00,Dumbbell Front Raise,"Lifting dumbbells in front of the body to shoulder height, focusing on the anterior delts.",Shoulders,"{'"Anterior deltoid'"}","{'"Pectoralis major (upper chest)'",'"Serratus anterior'"}",8,3,90,1/1/1,https://fitness-front-iin2.vercel.app/uploads/exercises/dumbbell-front-raise.png,https://fitness-front-iin2.vercel.app/uploads/exercises/dumbbell-front-raise.mp4,0
bde022cc-8f0a-455e-9dda-1686b0d725e2,2025-10-10 09:20:33.70834+00,2025-10-10 09:20:33.70834+00,Dumbbell Rear Delt Fly (Bent-over Lateral Raise),"Performed bent-over with dumbbells, raising arms laterally to isolate the rear delts and upper back.",Shoulders,"{'"Posterior deltoid'"}","{Rhomboids,Trapezius}",8,3,90,1/1/1,https://fitness-front-iin2.vercel.app/uploads/exercises/dumbbell-rear-delt-fly-(bent-over-lateral-raise).png,https://fitness-front-iin2.vercel.app/uploads/exercises/dumbbell-rear-delt-fly-(bent-over-lateral-raise).mp4,0
a4f2d532-3a87-4c9c-88ad-2b68c6e977d6,2025-10-10 09:20:33.70834+00,2025-10-10 09:20:33.70834+00,Machine Chest Fly (Pec Deck),"Performed on the pec deck machine, bringing arms together in a hugging motion to isolate the chest muscles.",Chest,"{'"Pectoralis major (sternal head)'",'"Pectoralis major (clavicular head)'"}","{'"Anterior deltoid'",'"Biceps brachii (stabilization)'"}",8,3,90,1/1/1,https://fitness-front-iin2.vercel.app/uploads/exercises/machine-chest-fly-(pec-deck).png,https://fitness-front-iin2.vercel.app/uploads/exercises/machine-chest-fly-(pec-deck).mp4,0
c3e71540-466d-4d66-8cdd-5e8616ac39dd,2025-10-10 09:20:33.70834+00,2025-10-10 09:20:33.70834+00,Band Front Raise (Resistance Band),"Performed standing with a resistance band, raising arms forward to shoulder height. Focuses on chest activation with shoulder support.",Chest,"{'"Pectoralis major'",'"Anterior deltoid'"}","{'"Serratus anterior'",'"Core stabilizers'"}",8,3,90,1/1/1,https://fitness-front-iin2.vercel.app/uploads/exercises/band-front-raise-(resistance-band).png,https://fitness-front-iin2.vercel.app/uploads/exercises/band-front-raise-(resistance-band).mp4,0
d7a41709-bcf1-4060-86e6-d751a75936d4,2025-10-10 09:20:33.70834+00,2025-10-10 09:20:33.70834+00,Wall Shoulder Flexion (Wall Slide),"Performed standing against a wall, sliding arms upward to improve shoulder mobility and stability while engaging chest and serratus.",Shoulders,"{'"Anterior deltoid'",'"Serratus anterior'"}","{Trapezius,'"Rotator cuff'"}",8,3,90,1/1/1,https://fitness-front-iin2.vercel.app/uploads/exercises/wall-shoulder-flexion-(wall-slide).png,https://fitness-front-iin2.vercel.app/uploads/exercises/wall-shoulder-flexion-(wall-slide).mp4,0
a9e90428-0ad9-4b0b-9a18-50c303ccf53c,2025-10-10 09:20:33.70834+00,2025-10-10 09:20:33.70834+00,Hip Flexor Stretch (Half-Kneeling Lunge Stretch),"Performed in a lunge position, pushing hips forward to stretch the hip flexors and quads.",Legs,"{'"Hip flexors'",'"Quadriceps (rectus femoris)'"}","{'"Gluteus maximus (stretched)'"}",8,3,90,1/1/1,https://fitness-front-iin2.vercel.app/uploads/exercises/hip-flexor-stretch-(half-kneeling-lunge-stretch).png,https://fitness-front-iin2.vercel.app/uploads/exercises/hip-flexor-stretch-(half-kneeling-lunge-stretch).mp4,0
9ab04791-5455-42e1-8133-b9b8d54fffc2,2025-10-10 09:20:33.70834+00,2025-10-10 09:20:33.70834+00,Glute Bridge,"Performed lying on the back with knees bent, lifting hips upward to engage glutes and hamstrings while stabilizing the core.",Lower Body,"{'"Gluteus maximus'",Hamstrings}","{'"Erector spinae'",'"Core stabilizers'"}",8,3,90,1/1/1,https://fitness-front-iin2.vercel.app/uploads/exercises/glute-bridge.png,https://fitness-front-iin2.vercel.app/uploads/exercises/glute-bridge.mp4,0
647024cd-4649-4375-b088-3972da3ef0ab,2025-10-10 09:20:33.70834+00,2025-10-10 09:20:33.70834+00,Barbell Back Squat,"Performed with a barbell resting on the upper back, squatting down and standing up to target the quads, glutes, and hamstrings. A fundamental compound lower-body strength exercise.",Legs,"{Quadriceps,'"Gluteus maximus'",Hamstrings}","{'"Erector spinae'",Adductors,'"Core stabilizers'"}",8,3,90,1/1/1,https://fitness-front-iin2.vercel.app/uploads/exercises/barbell-back-squat.png,https://fitness-front-iin2.vercel.app/uploads/exercises/barbell-back-squat.mp4,0
fa7a4dbe-5e57-4e95-b16e-42c1d449df6d,2025-10-10 09:20:33.70834+00,2025-10-10 09:20:33.70834+00,Smith Machine Overhead Press,"Performed standing or seated with the Smith machine, pressing the bar overhead to build shoulder strength and size.",Shoulders,"{'"Anterior deltoid'",'"Lateral deltoid'",Trapezius}","{'"Triceps brachii'",'"Upper chest (clavicular head)'"}",8,3,90,1/1/1,https://fitness-front-iin2.vercel.app/uploads/exercises/smith-machine-overhead-press.png,https://fitness-front-iin2.vercel.app/uploads/exercises/smith-machine-overhead-press.mp4,0
10852632-1f97-466a-b5c8-ac907eb223ff,2025-10-10 09:20:33.70834+00,2025-10-10 09:20:33.70834+00,Smith Machine Front Raise,"Performed by raising the Smith machine bar from thighs to shoulder height, isolating the front delts.",Shoulders,"{'"Anterior deltoid'"}","{'"Pectoralis major (upper chest)'",'"Serratus anterior'"}",8,3,90,1/1/1,https://fitness-front-iin2.vercel.app/uploads/exercises/smith-machine-front-raise.png,https://fitness-front-iin2.vercel.app/uploads/exercises/smith-machine-front-raise.mp4,0
82d9b256-9777-4552-a19e-697269ccaf44,2025-10-10 09:20:33.70834+00,2025-10-10 09:20:33.70834+00,Smith Machine Bent-Over Rear Delt Row,"Performed bent over, pulling the Smith machine bar towards the upper stomach or chest to emphasize the rear delts and upper back.",Shoulders,"{'"Posterior deltoid'"}","{Rhomboids,Trapezius}",8,3,90,1/1/1,https://fitness-front-iin2.vercel.app/uploads/exercises/smith-machine-bent-over-rear-delt-row.png,https://fitness-front-iin2.vercel.app/uploads/exercises/smith-machine-bent-over-rear-delt-row.mp4,0
efaf3ec9-0c53-45c5-b885-848a2967e835,2025-10-10 09:20:33.70834+00,2025-10-10 09:20:33.70834+00,Leg Extension (Machine),"Performed seated on the machine, extending the knees against resistance to isolate the quadriceps.",Legs,{Quadriceps},{},8,3,90,1/1/1,https://fitness-front-iin2.vercel.app/uploads/exercises/leg-extension-(machine).png,https://fitness-front-iin2.vercel.app/uploads/exercises/leg-extension-(machine).mp4,0
a0983a54-dc6f-4c50-9147-c230c99d5575,2025-10-10 09:20:33.70834+00,2025-10-10 09:20:33.70834+00,Standing Leg Curl (Machine),"Performed standing with ankle pad, curling the leg backward to isolate the hamstrings.",Lower Body,"{'"Hamstrings (biceps femoris, semitendinosus, semimembranosus)'"}",{Gastrocnemius},8,3,90,1/1/1,https://fitness-front-iin2.vercel.app/uploads/exercises/standing-leg-curl-(machine).png,https://fitness-front-iin2.vercel.app/uploads/exercises/standing-leg-curl-(machine).mp4,0
8918a33c-3693-4293-8c3a-996e3598b6fe,2025-10-10 09:20:33.70834+00,2025-10-10 09:20:33.70834+00,Machinasdfe Hip Thrust / Glute Extension,"Performed with back supported on a bench and machine pad across the hips, thrusting upwards to target glutes.",Lower Body,"{'"Gluteus maximus'"}","{Hamstrings,'"Erector spinae'"}",8,3,90,1/1/1,https://fitness-front-iin2.vercel.app/uploads/exercises/machine-hip-thrust--glute-extension.png,https://fitness-front-iin2.vercel.app/uploads/exercises/machine-hip-thrust--glute-extension.mp4,0
4132613e-33b1-416b-ac2f-22a4428f7e59,2025-10-10 09:20:33.70834+00,2025-10-10 09:20:33.70834+00,Seated Calf Raise (Machine),"Performed seated with resistance on the thighs, raising heels upward to strengthen calves with emphasis on the soleus.",Legs,{Soleus},{Gastrocnemius},8,3,90,1/1/1,https://fitness-front-iin2.vercel.app/uploads/exercises/seated-calf-raise-(machine).png,https://fitness-front-iin2.vercel.app/uploads/exercises/seated-calf-raise-(machine).mp4,0
79387cf0-6091-4e3e-88f5-60b487eb35f3,2025-10-10 09:20:33.70834+00,2025-10-10 09:20:33.70834+00,Machine Crunch (Abdominal Crunch Machine),"Performed seated on the ab machine, flexing the spine forward against resistance to target the abdominals.",Core,"{'"Rectus abdominis'"}","{'"Obliques (stabilization)'"}",8,3,90,1/1/1,https://fitness-front-iin2.vercel.app/uploads/exercises/machine-crunch-(abdominal-crunch-machine).png,https://fitness-front-iin2.vercel.app/uploads/exercises/machine-crunch-(abdominal-crunch-machine).mp4,0
c71fd156-01ee-4ce0-9dfa-9e9008eab10c,2025-10-10 09:20:33.70834+00,2025-10-10 09:20:33.70834+00,Dumbbell Shrug,"Performed standing with dumbbells at the sides, shrugging shoulders upward to target the upper traps.",Backs,"{'"Upper trapezius'"}","{'"Levator scapulae'"}",8,3,90,1/1/1,https://fitness-front-iin2.vercel.app/uploads/exercises/dumbbell-shrug.png,https://fitness-front-iin2.vercel.app/uploads/exercises/dumbbell-shrug.mp4,0
b3a92a23-642a-4828-86da-7cbce99a40bb,2025-10-10 09:20:33.70834+00,2025-10-10 09:20:33.70834+00,Dumbbell Deadlift,"Performed from the floor with dumbbells, standing up through leg drive and hip extension, targeting the entire posterior chain.",Full Body,"{Quadriceps,Hamstrings,'"Gluteus maximus'"}","{'"Erector spinae'",Trapezius,'"Forearms (grip)'"}",8,3,90,1/1/1,https://fitness-front-iin2.vercel.app/uploads/exercises/dumbbell-deadlift.png,https://fitness-front-iin2.vercel.app/uploads/exercises/dumbbell-deadlift.mp4,0
beabc047-f860-4521-99f0-db59d61a2b6c,2025-10-10 09:20:33.70834+00,2025-10-10 09:20:33.70834+00,Barbell Skull Crushers (EZ Bar or Straight Bar),"Performed lying on a bench with a barbell, lowering it towards the forehead and extending arms to isolate the triceps.",Triceps,"{'"Triceps brachii'"}","{Anconeus,'"Forearms (stabilization)'"}",8,3,90,1/1/1,https://fitness-front-iin2.vercel.app/uploads/exercises/barbell-skull-crushers-(ez-bar-or-straight-bar).png,https://fitness-front-iin2.vercel.app/uploads/exercises/barbell-skull-crushers-(ez-bar-or-straight-bar).mp4,0
042abeac-51cf-409d-b5ab-b310bac24c67,2025-10-10 09:20:33.70834+00,2025-10-10 09:20:33.70834+00,Cable Tricep Pushdown (Overhand Grip),"Performed standing with a cable machine, pushing the bar downward with an overhand grip to engage the triceps.",Triceps,"{'"Triceps brachii'"}",{Forearms},8,3,90,1/1/1,https://fitness-front-iin2.vercel.app/uploads/exercises/cable-tricep-pushdown-(overhand-grip).png,https://fitness-front-iin2.vercel.app/uploads/exercises/cable-tricep-pushdown-(overhand-grip).mp4,0
bdee8155-b1c8-4ec6-baa5-972781cffec5,2025-10-10 09:20:33.70834+00,2025-10-10 09:20:33.70834+00,Cable Overhead Tricep Extension,"Performed standing with a cable machine, holding the bar overhead and extending arms upward to target the long head of the triceps.",Triceps,"{'"Triceps brachii (long head emphasis)'"}","{'"Shoulders (stabilization)'",'"Core (stabilization)'"}",8,3,90,1/1/1,https://fitness-front-iin2.vercel.app/uploads/exercises/cable-overhead-tricep-extension.png,https://fitness-front-iin2.vercel.app/uploads/exercises/cable-overhead-tricep-extension.mp4,0
14322f4d-c657-4bd2-88b2-8f1a85a75a36,2025-10-10 09:20:33.70834+00,2025-10-10 09:20:33.70834+00,Cable Crossover (High to Low),"Performed by pulling the cables from a high position downward and across the body, targeting the lower chest.",Chest,"{'"Pectoralis major (lower fibers)'"}","{'"Anterior deltoid'",'"Triceps brachii'"}",8,3,90,1/1/1,https://fitness-front-iin2.vercel.app/uploads/exercises/cable-crossover-(high-to-low).png,https://fitness-front-iin2.vercel.app/uploads/exercises/cable-crossover-(high-to-low).mp4,0
953faa38-6316-4cf9-97cd-24d378309fdc,2025-10-10 09:20:33.70834+00,2025-10-10 09:20:33.70834+00,Cable Crossover (Low to High),"Performed by pulling the cables from a low position upward and across the body, emphasizing the upper chest.",Chest,"{'"Pectoralis major (upper fibers)'"}","{'"Anterior deltoid'",'"Serratus anterior'"}",8,3,90,1/1/1,https://fitness-front-iin2.vercel.app/uploads/exercises/cable-crossover-(low-to-high).png,https://fitness-front-iin2.vercel.app/uploads/exercises/cable-crossover-(low-to-high).mp4,0
5d058a83-e562-475e-980f-9fc66a129f0a,2025-10-10 09:20:33.70834+00,2025-10-10 09:20:33.70834+00,Cable Crossover (Mid-Level / Standard),"Performed by pulling the cables from shoulder height directly across the body, targeting the mid chest.",Chest,"{'"Pectoralis major (sternal head)'"}","{'"Anterior deltoid'",'"Biceps brachii (stabilization)'"}",8,3,90,1/1/1,https://fitness-front-iin2.vercel.app/uploads/exercises/cable-crossover-(mid-level--standard).png,https://fitness-front-iin2.vercel.app/uploads/exercises/cable-crossover-(mid-level--standard).mp4,0
8bd0b69d-5b62-414a-9f9d-95cc130c3649,2025-10-10 09:20:33.70834+00,2025-10-10 09:20:33.70834+00,Cable Bent-Over Row (Overhand Grip),"Performed bent over with an overhand grip, pulling the bar towards the abdomen to target the mid-back.",Backs,"{Rhomboids,'"Latissimus dorsi'",'"Trapezius (middle fibers)'"}","{'"Posterior deltoid'",'"Biceps brachii'"}",8,3,90,1/1/1,https://fitness-front-iin2.vercel.app/uploads/exercises/cable-bent-over-row-(overhand-grip).png,https://fitness-front-iin2.vercel.app/uploads/exercises/cable-bent-over-row-(overhand-grip).mp4,0
dfa114f7-ca71-45bc-8436-7b276fed12d3,2025-10-10 09:20:33.70834+00,2025-10-10 09:20:33.70834+00,Dumbbell Bicep Curl,"Performed standing with dumbbells, curling weights upward to shoulder level to isolate the biceps.",Biceps,"{'"Biceps brachii (long head, short head)'"}","{Brachialis,Brachioradialis}",8,3,90,1/1/1,https://fitness-front-iin2.vercel.app/uploads/exercises/dumbbell-bicep-curl.png,https://fitness-front-iin2.vercel.app/uploads/exercises/dumbbell-bicep-curl.mp4,0
90408b29-ebde-45d7-8227-1afb399fba4c,2025-10-10 09:20:33.70834+00,2025-10-10 09:20:33.70834+00,Dumbbell One-Arm Overhead Tricep Extension,"Performed standing with one dumbbell held overhead, lowering behind the head and extending back up to target the triceps long head.",Triceps,"{'"Triceps brachii (long head emphasis)'"}","{'"Shoulder stabilizers'",'"Core stabilizers'"}",8,3,90,1/1/1,https://fitness-front-iin2.vercel.app/uploads/exercises/dumbbell-one-arm-overhead-tricep-extension.png,https://fitness-front-iin2.vercel.app/uploads/exercises/dumbbell-one-arm-overhead-tricep-extension.mp4,0
203e50bc-b518-4f62-a10e-03ed4bb572ed,2025-10-10 09:20:33.70834+00,2025-10-10 09:20:33.70834+00,Dumbbell Bent-Over Row,"Performed bent over with dumbbells, pulling weights towards the torso to strengthen the mid-back.",Backs,"{'"Latissimus dorsi'",Rhomboids,Trapezius}","{'"Posterior deltoid'",'"Biceps brachii'",'"Forearms (grip)'"}",8,3,90,1/1/1,https://fitness-front-iin2.vercel.app/uploads/exercises/dumbbell-bent-over-row.png,https://fitness-front-iin2.vercel.app/uploads/exercises/dumbbell-bent-over-row.mp4,0
ed31b5e9-7286-472e-b4fd-4bcb0302ea92,2025-10-10 09:20:33.70834+00,2025-10-10 09:20:33.70834+00,Dumbbell Pull Over,"Performed lying on a flat bench with dumbbells, pressing weights upward to target chest while engaging shoulders and triceps.",Chest,"{'"Pectoralis major'"}","{'"Anterior deltoid'",'"Triceps brachii'"}",8,3,90,1/1/1,https://fitness-front-iin2.vercel.app/uploads/exercises/dumbbell-pull-over.png,https://fitness-front-iin2.vercel.app/uploads/exercises/dumbbell-pull-over.mp4,0
6c9d8b39-69f2-4de5-bf79-318ce411c637,2025-10-10 09:20:33.70834+00,2025-10-10 09:20:33.70834+00,Dumbbell Lateral Raise,"Performed standing with dumbbells, raising arms to the sides until parallel to the floor to target lateral shoulders.",Shoulders,"{'"Lateral deltoid'"}","{'"Anterior deltoid'",Trapezius}",8,3,90,1/1/1,https://fitness-front-iin2.vercel.app/uploads/exercises/dumbbell-lateral-raise.png,https://fitness-front-iin2.vercel.app/uploads/exercises/dumbbell-lateral-raise.mp4,0
e790b6dd-43e3-4b67-86fb-20f5597cd6ac,2025-10-10 09:20:33.70834+00,2025-10-10 09:20:33.70834+00,Barbell Bent-Over Row,"Performed bent over with a barbell, pulling it towards the torso to build overall back thickness and strength.",Backs,"{'"Latissimus dorsi'",Trapezius,Rhomboids}","{'"Posterior deltoid'",'"Biceps brachii'",Forearms}",8,3,90,1/1/1,https://fitness-front-iin2.vercel.app/uploads/exercises/barbell-bent-over-row.png,https://fitness-front-iin2.vercel.app/uploads/exercises/barbell-bent-over-row.mp4,0
bbd3eb48-d483-471b-be6d-e35ae2693cce,2025-10-10 09:20:33.70834+00,2025-10-10 09:20:33.70834+00,Lat Pulldown (Wide Grip),"Performed seated with a wide grip on the bar, pulling down toward the upper chest to emphasize the outer lats.",Backs,"{'"Latissimus dorsi'"}","{'"Biceps brachii'",'"Posterior deltoids'",Rhomboids,Trapezius}",8,3,90,1/1/1,https://fitness-front-iin2.vercel.app/uploads/exercises/lat-pulldown-(wide-grip).png,https://fitness-front-iin2.vercel.app/uploads/exercises/lat-pulldown-(wide-grip).mp4,0
2612dda1-0dae-46f6-979f-fb5baa551204,2025-10-10 09:20:33.70834+00,2025-10-10 09:20:33.70834+00,Lat Pulldown (Close Grip),"Performed with a narrow/close grip, pulling the bar down toward the chest to emphasize inner lats and rhomboids.",Backs,"{'"Latissimus dorsi'",Rhomboids}","{'"Biceps brachii'",Forearms,Trapezius}",8,3,90,1/1/1,https://fitness-front-iin2.vercel.app/uploads/exercises/lat-pulldown-(close-grip).png,https://fitness-front-iin2.vercel.app/uploads/exercises/lat-pulldown-(close-grip).mp4,0
de1c5b65-e3da-4e10-9bb5-a59bfb7a3daf,2025-10-10 09:20:33.70834+00,2025-10-10 09:20:33.70834+00,V-Bar Pulldown,"Performed using a V-bar attachment, pulling it down to the chest to build overall lat width and mid-back thickness.",Backs,"{'"Latissimus dorsi'",'"Teres major'"}","{'"Biceps brachii'",Trapezius,'"Posterior deltoids'"}",8,3,90,1/1/1,https://fitness-front-iin2.vercel.app/uploads/exercises/v-bar-pulldown.png,https://fitness-front-iin2.vercel.app/uploads/exercises/v-bar-pulldown.mp4,0
ed99c6f1-4f8b-4447-bfd4-3d49320696c6,2025-10-10 09:20:33.70834+00,2025-10-10 09:20:33.70834+00,Dumbbell Biceps Curl,Standing curl with dumbbells to isolate the biceps.,Arms,"{'"Biceps Brachii'"}","{Brachialis,Forearms}",8,3,90,1/1/1,https://fitness-front-iin2.vercel.app/uploads/exercises/dumbbell-biceps-curl.png,https://fitness-front-iin2.vercel.app/uploads/exercises/dumbbell-biceps-curl.mp4,0
e7473655-8846-4195-afea-74d981fdca63,2025-10-10 09:20:33.70834+00,2025-10-10 09:20:33.70834+00,Bicycle Crunch Full Abs,Alternating elbow-to-knee rotation to target full abs and obliques.,Core,"{'"Full Abs'",Obliques}","{'"Hip flexors'"}",16 (each),3,60,1/1/1,https://fitness-front-iin2.vercel.app/uploads/exercises/bicycle-crunch-full-abs.png,https://fitness-front-iin2.vercel.app/uploads/exercises/bicycle-crunch-full-abs.mp4,0
c07ad058-ea70-460f-986e-7c276b3e0979,2025-10-10 09:20:33.70834+00,2025-10-10 09:20:33.70834+00,Barbell Romanian Deadlift,Hip-hinge lowering the bar along thighs/shins to emphasize hamstrings and glutes.,Lower Body,"{Hamstrings,Glutes}","{'"Lower Back (Erector Spinae)'"}",8,3,120,2/1/1,https://fitness-front-iin2.vercel.app/uploads/exercises/barbell-romanian-deadlift.png,https://fitness-front-iin2.vercel.app/uploads/exercises/barbell-romanian-deadlift.mp4,0
64d5a719-a926-427c-a714-f1077559339e,2025-10-10 09:20:33.70834+00,2025-10-10 09:20:33.70834+00,Smith Machine Squat,Guided bar squat focusing on quad and glute development.,Legs,"{Quadriceps,Glutes}","{Hamstrings,'"Core stabilizers'"}",8,3,120,2/1/1,https://fitness-front-iin2.vercel.app/uploads/exercises/smith-machine-squat.png,https://fitness-front-iin2.vercel.app/uploads/exercises/smith-machine-squat.mp4,0
a76254a1-f569-46bd-bb37-42f9bde6c5dc,2025-10-10 09:20:33.70834+00,2025-10-10 09:20:33.70834+00,Smith Machine Deadlift,Deadlift pattern on Smith machine to load glutes and hamstrings with added stability.,Lower Body,"{Glutes,Hamstrings}","{'"Lower Back (Erector Spinae)'"}",8,3,120,2/1/1,https://fitness-front-iin2.vercel.app/uploads/exercises/smith-machine-deadlift.png,https://fitness-front-iin2.vercel.app/uploads/exercises/smith-machine-deadlift.mp4,0
54a7495b-b09b-465c-b164-1b845cff2bd1,2025-10-10 09:20:38.64233+00,2025-10-10 09:20:38.64233+00,EZ Bar Skull Crushers,Lying EZ-bar triceps extensions to forehead then extend.,Triceps,"{'"Triceps brachii'"}",{Forearms},10,3,75,1/1/1,https://fitness-front-iin2.vercel.app/uploads/exercises/ez-bar-skull-crushers.png,https://fitness-front-iin2.vercel.app/uploads/exercises/ez-bar-skull-crushers.mp4,0
fa03a498-8e73-4691-9b08-986e5c05f19d,2025-10-10 09:20:33.70834+00,2025-10-13 04:10:20.717326+00,Dumbbell Chest press Sleep,Flat bench dumbbell fly focusing on chest adduction and stretch in the pectorals.,Chest,"{'"Pectoralis Major (Inner Chest)'"}","{'"Anterior Deltoids'",'"Biceps (stabilizers)'"}",8,3,90,1/1/1,https://fitness-front-iin2.vercel.app/uploads/exercises/dumbbell-chest-fly-sleep.png,https://fitness-front-iin2.vercel.app/uploads/exercises/dumbbell-chest-fly-sleep.mp4,0
79061e73-0fdc-406a-bcc9-c28d46c870c8,2025-10-10 09:20:33.70834+00,2025-10-13 04:10:30.603733+00,Dumbbell flat  Bench Press,Flat bench dumbbell press to build overall chest strength.,Chest,"{'"Pectoralis Major'"}","{Triceps,'"Anterior Deltoids'"}",8,3,90,1/1/1,https://fitness-front-iin2.vercel.app/uploads/exercises/dumbbell-bench-press.png,https://fitness-front-iin2.vercel.app/uploads/exercises/dumbbell-bench-press.mp4,0
723f54a6-0632-4581-8f11-d254c1824d9b,2025-10-10 09:20:33.70834+00,2025-10-13 04:10:44.062173+00,Flat fly Press Sleep,Flat bench dumbbell press variant performed lying flat to target overall pectoral development.,Chest,"{'"Pectoralis Major'"}","{Triceps,'"Anterior Deltoids'"}",8,3,90,1/1/1,https://fitness-front-iin2.vercel.app/uploads/exercises/flat-dumbbell-press-sleep.png,https://fitness-front-iin2.vercel.app/uploads/exercises/flat-dumbbell-press-sleep.mp4,0
853cb637-cfec-43c0-af86-cda550ffb2de,2025-10-10 09:20:33.70834+00,2025-10-10 09:20:33.70834+00,Smith Machine Squat (Glutes & Hamstrings),Wide-stance or hip-dominant Smith squat emphasizing posterior chain.,Legs,"{Glutes,Hamstrings}",{Quadriceps},10,3,120,2/1/1,https://fitness-front-iin2.vercel.app/uploads/exercises/smith-machine-squat-(glutes-&-hamstrings).png,https://fitness-front-iin2.vercel.app/uploads/exercises/smith-machine-squat-(glutes-&-hamstrings).mp4,0
1ff7e9aa-5fa7-4d76-bad3-43bdc7b78daf,2025-10-10 09:20:33.70834+00,2025-10-10 09:20:33.70834+00,Barbell Row (Rhomboids Focus),Row the bar to mid-chest/upper abdomen with flared elbows to hit rhomboids and mid-traps.,Backs,"{Rhomboids,'"Middle Trapezius'"}","{'"Rear Deltoids'",'"Teres Major'",Biceps}",8-10,3,90,1/1/1,https://fitness-front-iin2.vercel.app/uploads/exercises/barbell-row-(rhomboids-focus).png,https://fitness-front-iin2.vercel.app/uploads/exercises/barbell-row-(rhomboids-focus).mp4,0
83243458-2ba5-4104-bf18-585e948d0ed0,2025-10-10 09:20:33.70834+00,2025-10-10 09:20:33.70834+00,Leg Press - Quads Focus,Feet low/narrow on the platform to emphasize quadriceps.,Legs,{Quadriceps},"{Glutes,Hamstrings}",12,3,90,2/1/1,https://fitness-front-iin2.vercel.app/uploads/exercises/leg-press---quads-focus.png,https://fitness-front-iin2.vercel.app/uploads/exercises/leg-press---quads-focus.mp4,0
e0f95328-2b0f-4dc0-8831-7e49a6aee26a,2025-10-10 09:20:33.70834+00,2025-10-10 09:20:33.70834+00,Leg Press - Glutes & Hamstrings,Feet higher on the platform to bias glutes and hamstrings.,Legs,"{Glutes,Hamstrings}",{Quadriceps},10,3,90,2/1/1,https://fitness-front-iin2.vercel.app/uploads/exercises/leg-press---glutes-&-hamstrings.png,https://fitness-front-iin2.vercel.app/uploads/exercises/leg-press---glutes-&-hamstrings.mp4,0
fdd69cd6-5632-4207-8de8-6139e8ebfee8,2025-10-10 09:20:33.70834+00,2025-10-10 09:20:33.70834+00,Barbell Squat,"Stand with bar across shoulders; squat until thighs parallel, then drive up.",Legs,{Quadriceps},"{Glutes,Hamstrings,'"Lower Back'"}",6-8,3,150,2/1/1,https://fitness-front-iin2.vercel.app/uploads/exercises/barbell-squat.png,https://fitness-front-iin2.vercel.app/uploads/exercises/barbell-squat.mp4,0
d6d920d7-9d4c-4087-95ed-16e594170bbf,2025-10-10 09:20:33.70834+00,2025-10-10 09:20:33.70834+00,Dumbbell Row (Lats Focus),"Hinge and row dumbbells toward lower ribs, elbows tucked.",Backs,"{'"Latissimus Dorsi'"}","{Biceps,'"Rear Delts'",Trapezius}",8-10,3,90,1/1/1,https://fitness-front-iin2.vercel.app/uploads/exercises/dumbbell-row-(lats-focus).png,https://fitness-front-iin2.vercel.app/uploads/exercises/dumbbell-row-(lats-focus).mp4,0
6d510537-1565-4c73-a782-0ba4dd3991e8,2025-10-10 09:20:33.70834+00,2025-10-10 09:20:33.70834+00,Dumbbell Row (Traps Focus),Hinge and row higher toward chest with flared elbows to bias traps.,Backs,{Trapezius},"{'"Rear Delts'",Rhomboids}",10,3,90,1/1/1,https://fitness-front-iin2.vercel.app/uploads/exercises/dumbbell-row-(traps-focus).png,https://fitness-front-iin2.vercel.app/uploads/exercises/dumbbell-row-(traps-focus).mp4,0
81b86916-5413-40bd-8ea2-44ed14a324fe,2025-10-10 09:20:33.70834+00,2025-10-10 09:20:33.70834+00,Barbell Upright Row,Pull bar along torso to chest level; keep wrists neutral.,Shoulders,"{'"Lateral deltoid'",'"Trapezius (upper fibers)'"}","{'"Biceps brachii'",Forearms}",10,3,75,1/1/1,https://fitness-front-iin2.vercel.app/uploads/exercises/barbell-upright-row.png,https://fitness-front-iin2.vercel.app/uploads/exercises/barbell-upright-row.mp4,0
ebfc1d65-7bf2-48f7-93ea-5399ae3e9b3e,2025-10-10 09:20:33.70834+00,2025-10-10 09:20:33.70834+00,Barbell Overhead Press (Shoulder Press),Press barbell overhead from clavicle height to lockout.,Shoulders,"{'"Anterior deltoid'",'"Lateral deltoid'",'"Triceps brachii'"}","{'"Upper chest'",Trapezius}",6-8,3,120,1/1/1,https://fitness-front-iin2.vercel.app/uploads/exercises/barbell-overhead-press-(shoulder-press).png,https://fitness-front-iin2.vercel.app/uploads/exercises/barbell-overhead-press-(shoulder-press).mp4,0
8ff600f3-bb76-4dd5-a05d-39fb557b767d,2025-10-10 09:20:33.70834+00,2025-10-10 09:20:33.70834+00,Machine Reverse Fly (Rear Delt Fly Machine),Seated reverse pec-deck to isolate rear delts.,Shoulders,"{'"Posterior deltoid'"}","{Rhomboids,'"Trapezius (middle fibers)'"}",12-15,3,60,1/1/1,https://fitness-front-iin2.vercel.app/uploads/exercises/machine-reverse-fly-(rear-delt-fly-machine).png,https://fitness-front-iin2.vercel.app/uploads/exercises/machine-reverse-fly-(rear-delt-fly-machine).mp4,0
0a93ab36-be6b-412a-9837-2965dbfe404c,2025-10-10 09:20:33.70834+00,2025-10-13 04:13:30.913438+00,Dumbbell Rear Delt,"Leaning forward, pull dumbbells outward with slight elbow bend to hit rear delts.",Shoulders,"{'"Rear Delts'"}","{Trapezius,Rhomboids}",12,3,75,1/1/1,https://fitness-front-iin2.vercel.app/uploads/exercises/dumbbell-row-(rear-delt-focus).png,https://fitness-front-iin2.vercel.app/uploads/exercises/dumbbell-row-(rear-delt-focus).mp4,0
82719969-440f-4159-91f9-0a5184ccb3ef,2025-10-10 09:20:33.70834+00,2025-10-13 22:33:41.358925+00,Barbell Row (Traps Focus),Pull bar vertically along torso to upper chest focusing on upper traps.,Backs,"{'"Trapezius (Upper)'"}","{'"Deltoids (Lateral & Rear)'",Rhomboids}",10,3,75,1/1/1,https://fitness-front-iin2.vercel.app/uploads/exercises/upright-barbell-row-(traps-focus).png,https://fitness-front-iin2.vercel.app/uploads/exercises/upright-barbell-row-(traps-focus).mp4,0
2d68becc-b932-4afe-93ec-c92640e8b906,2025-10-10 09:20:33.70834+00,2025-10-10 09:20:33.70834+00,Dumbbell Overhead Triceps Extension,Lower one/both dumbbells behind head and extend to work triceps.,Arms,"{'"Triceps brachii'"}","{'"Forearms (stabilization)'",'"Shoulders (stabilization)'"}",10-12,3,75,1/1/1,https://fitness-front-iin2.vercel.app/uploads/exercises/dumbbell-overhead-triceps-extension.png,https://fitness-front-iin2.vercel.app/uploads/exercises/dumbbell-overhead-triceps-extension.mp4,0
004a68b9-72c9-42ef-880e-0e75ebc809f8,2025-10-10 09:20:33.70834+00,2025-10-10 09:20:33.70834+00,Single-Arm Dumbbell Row,Bench-supported row pulling dumbbell to hip.,Backs,"{'"Latissimus dorsi'",Rhomboids}","{Trapezius,'"Biceps brachii'",'"Rear deltoid'"}",8-10 (each),3,75,1/1/1,https://fitness-front-iin2.vercel.app/uploads/exercises/single-arm-dumbbell-row.png,https://fitness-front-iin2.vercel.app/uploads/exercises/single-arm-dumbbell-row.mp4,0
a72bcf40-3233-47dc-88da-94d246e56d47,2025-10-10 09:20:33.70834+00,2025-10-10 09:20:33.70834+00,Bench Triceps Dip,Hands on bench behind you; lower and press up to engage triceps.,Arms,"{'"Triceps brachii'"}","{'"Chest (lower fibers)'",'"Anterior deltoid'"}",10-12,3,75,1/1/1,https://fitness-front-iin2.vercel.app/uploads/exercises/bench-triceps-dip.png,https://fitness-front-iin2.vercel.app/uploads/exercises/bench-triceps-dip.mp4,0
a7283fa7-b44e-41fe-9032-778722014a43,2025-10-10 09:20:33.70834+00,2025-10-10 09:20:33.70834+00,Romanian Deadlift (RDL),Hip hinge with slight knee bend; slide bar/dumbbells down thighs and return.,Lower Body,"{Hamstrings,'"Gluteus maximus'"}","{'"Erector spinae'",'"Forearms (grip strength)'"}",8,3,120,2/1/1,https://fitness-front-iin2.vercel.app/uploads/exercises/romanian-deadlift-(rdl).png,https://fitness-front-iin2.vercel.app/uploads/exercises/romanian-deadlift-(rdl).mp4,0
339456d7-d37e-425b-8339-b31953a8a303,2025-10-10 09:20:33.70834+00,2025-10-10 09:20:33.70834+00,Pull-Up (Wide Grip),Wide overhand pull to bring chin above bar; emphasize lats and upper back.,Backs,"{'"Latissimus dorsi'"}","{'"Teres major'",Rhomboids,'"Biceps brachii'",Forearms}",AMRAP,3,120,1/1/1,https://fitness-front-iin2.vercel.app/uploads/exercises/pull-up-(wide-grip).png,https://fitness-front-iin2.vercel.app/uploads/exercises/pull-up-(wide-grip).mp4,0
e739ad3c-4b71-49ab-bfd8-e6b1330f49e4,2025-10-10 09:20:33.70834+00,2025-10-10 09:20:33.70834+00,Chin-Up (Underhand Grip),Underhand pull-up emphasizing biceps while engaging lats.,Arms,"{'"Biceps brachii'"}","{'"Latissimus dorsi'",Brachialis,Forearms}",AMRAP,3,120,1/1/1,https://fitness-front-iin2.vercel.app/uploads/exercises/chin-up-(underhand-grip).png,https://fitness-front-iin2.vercel.app/uploads/exercises/chin-up-(underhand-grip).mp4,0
11c19465-80c6-4a77-9a92-367f7f77be03,2025-10-10 09:20:33.70834+00,2025-10-10 09:20:33.70834+00,Incline Dumbbell Curl,Incline bench curl for deeper stretch and peak tension on biceps.,Arms,"{'"Biceps brachii'"}","{Brachialis,Forearms}",10-12,3,75,1/1/1,https://fitness-front-iin2.vercel.app/uploads/exercises/incline-dumbbell-curl.png,https://fitness-front-iin2.vercel.app/uploads/exercises/incline-dumbbell-curl.mp4,0
2ea1024d-90e9-4fe6-b276-d69ade54ad3a,2025-10-10 09:20:33.70834+00,2025-10-10 09:20:33.70834+00,Stiff-Leg Deadlift,Deadlift with minimal knee bend to emphasize hamstrings stretch.,Lower Body,{Hamstrings},"{'"Gluteus maximus'",'"Erector spinae'",'"Forearms (grip strength)'"}",8,3,120,2/1/1,https://fitness-front-iin2.vercel.app/uploads/exercises/stiff-leg-deadlift.png,https://fitness-front-iin2.vercel.app/uploads/exercises/stiff-leg-deadlift.mp4,0
fd4c6677-fb9f-42df-92f5-4ba4f0cdf701,2025-10-10 09:20:33.70834+00,2025-10-10 09:20:33.70834+00,Conventional Deadlift,Floor pull using hip and knee extension; balanced posterior/anterior chain.,Lower Body,"{'"Gluteus maximus'",Quadriceps}","{Hamstrings,'"Erector spinae'",Forearms}",5,3,180,2/1/1,https://fitness-front-iin2.vercel.app/uploads/exercises/conventional-deadlift.png,https://fitness-front-iin2.vercel.app/uploads/exercises/conventional-deadlift.mp4,0
63ad1f9c-5d1a-4bc1-8c6f-3ef739017168,2025-10-10 09:20:33.70834+00,2025-10-10 09:20:33.70834+00,Goblet Squat,Hold a dumbbell/kettlebell at chest; squat upright to depth.,Lower Body,{Quadriceps},"{'"Gluteus maximus'",Hamstrings,'"Core (stabilization)'"}",10-12,3,90,2/1/1,https://fitness-front-iin2.vercel.app/uploads/exercises/goblet-squat.png,https://fitness-front-iin2.vercel.app/uploads/exercises/goblet-squat.mp4,0
d9c5981e-fc54-459b-a5bb-fcc5bba22852,2025-10-10 09:20:33.70834+00,2025-10-10 09:20:33.70834+00,Sumo Squat (Dumbbell Sumo Squat),Wide-stance squat holding a dumbbell between legs; toes turned out.,Lower Body,"{'"Gluteus maximus'"}","{Hamstrings,'"Adductors (inner thighs)'",Quadriceps}",10-12,3,90,2/1/1,https://fitness-front-iin2.vercel.app/uploads/exercises/sumo-squat-(dumbbell-sumo-squat).png,https://fitness-front-iin2.vercel.app/uploads/exercises/sumo-squat-(dumbbell-sumo-squat).mp4,0
049759af-7961-414a-a299-133616c93e0e,2025-10-10 09:20:33.70834+00,2025-10-10 09:20:33.70834+00,Dumbbell Wide Stance Squat,Wider-than-shoulder stance squat holding a dumbbell.,Lower Body,"{'"Adductors (inner thighs)'"}","{'"Gluteus maximus'",Hamstrings,Quadriceps}",12,3,90,2/1/1,https://fitness-front-iin2.vercel.app/uploads/exercises/dumbbell-wide-stance-squat.png,https://fitness-front-iin2.vercel.app/uploads/exercises/dumbbell-wide-stance-squat.mp4,0
3d7a37a8-747d-43ac-8b00-932ab10d8c9a,2025-10-10 09:20:38.64233+00,2025-10-13 04:09:04.482924+00,Cable hammur curl,High-pulley rope pushdown emphasizing triceps lockout.,Arms,"{'"Triceps brachii'"}","{'"Forearms (stabilization)'",Anconeus}",8,3,90,1/1/1,https://fitness-front-iin2.vercel.app/uploads/exercises/cable-triceps-pushdown-(rope-attachment).png,https://fitness-front-iin2.vercel.app/uploads/exercises/cable-triceps-pushdown-(rope-attachment).mp4,0
71be92c6-b03a-4d1b-aff9-ba500d3b1d27,2025-10-10 09:20:33.70834+00,2025-10-10 09:20:33.70834+00,Leg Raise Lower Abs,Supine leg raises to emphasize the lower abdominals.,Core,"{'"Lower Abs'"}","{'"Hip flexors'"}",8,3,60,1/1/1,https://fitness-front-iin2.vercel.app/uploads/exercises/leg-raise-lower-abs.png,https://fitness-front-iin2.vercel.app/uploads/exercises/leg-raise-lower-abs.mp4,0
fafc841c-9730-40a9-9c30-28a0d27298db,2025-10-10 09:20:38.64233+00,2025-10-10 09:20:38.64233+00,Dumbbell Lateral Raise Standing,Lift arms to sides until shoulder height; control down.,Shoulders,"{'"Lateral deltoid'"}","{Supraspinatus,'"Trapezius (upper fibers)'"}",12-15,3,60,1/1/1,https://fitness-front-iin2.vercel.app/uploads/exercises/dumbbell-lateral-raise-standing.png,https://fitness-front-iin2.vercel.app/uploads/exercises/dumbbell-lateral-raise-standing.mp4,0
31ace4a4-4ce8-4c4c-b476-1a563c47956f,2025-10-10 09:20:38.64233+00,2025-10-10 09:20:38.64233+00,Dumbbell Rear Delt Raise (Bent-Over Lateral Raise) Standing,Bent-over reverse fly to isolate rear delts.,Shoulders,"{'"Posterior deltoid'"}","{Rhomboids,'"Trapezius (middle fibers)'"}",12-15,3,60,1/1/1,https://fitness-front-iin2.vercel.app/uploads/exercises/dumbbell-rear-delt-raise-(bent-over-lateral-raise)-standing.png,https://fitness-front-iin2.vercel.app/uploads/exercises/dumbbell-rear-delt-raise-(bent-over-lateral-raise)-standing.mp4,0
e3d50587-fceb-4953-857a-763d9f5a096f,2025-10-10 09:20:38.64233+00,2025-10-10 09:20:38.64233+00,Seated Cable Row (Close Grip),Close-grip row pulling handle to torso for mid-back thickness.,Backs,"{'"Latissimus dorsi'",Rhomboids}","{'"Posterior deltoid'",'"Biceps brachii'",'"Trapezius (middle fibers)'"}",8-10,3,90,1/1/1,https://fitness-front-iin2.vercel.app/uploads/exercises/seated-cable-row-(close-grip).png,https://fitness-front-iin2.vercel.app/uploads/exercises/seated-cable-row-(close-grip).mp4,0
012a5000-0562-4b63-84e5-254f422de66a,2025-10-10 09:20:38.64233+00,2025-10-10 09:20:38.64233+00,Seated Cable Row (Wide Grip),Wide-bar row to upper abdomen/chest emphasizing mid-back and traps.,Backs,"{'"Trapezius (middle fibers)'",Rhomboids}","{'"Posterior deltoid'",'"Latissimus dorsi'"}",8-10,3,90,1/1/1,https://fitness-front-iin2.vercel.app/uploads/exercises/seated-cable-row-(wide-grip).png,https://fitness-front-iin2.vercel.app/uploads/exercises/seated-cable-row-(wide-grip).mp4,0
7532ddee-cf12-4f72-95b7-74069ae259b6,2025-10-10 09:20:38.64233+00,2025-10-10 09:20:38.64233+00,Face Pull (Cable Rope Pull to Face),Rope to face with elbows high to train rear delts and external rotation.,Shoulders,"{'"Posterior deltoid'",Rhomboids}","{'"Trapezius (upper & middle fibers)'",'"Rotator cuff (external rotators)'"}",12-15,3,60,1/1/1,https://fitness-front-iin2.vercel.app/uploads/exercises/face-pull-(cable-rope-pull-to-face).png,https://fitness-front-iin2.vercel.app/uploads/exercises/face-pull-(cable-rope-pull-to-face).mp4,0
05563290-91f8-45f6-8a36-deb4e0a9c19b,2025-10-10 09:20:38.64233+00,2025-10-10 09:20:38.64233+00,Smith Machine Shoulder Press,Seated press on Smith machine; stable path to isolate delts.,Shoulders,"{'"Anterior deltoid'",'"Lateral deltoid'"}","{'"Triceps brachii'",'"Upper chest (clavicular head)'",Trapezius}",8-10,3,90,1/1/1,https://fitness-front-iin2.vercel.app/uploads/exercises/smith-machine-shoulder-press.png,https://fitness-front-iin2.vercel.app/uploads/exercises/smith-machine-shoulder-press.mp4,0
e730395e-4f79-412a-a7e3-6de76e64a0cc,2025-10-10 09:20:38.64233+00,2025-10-10 09:20:38.64233+00,Cable Biceps Curl,Low pulley curl with straight/EZ bar; constant cable tension.,Arms,"{'"Biceps brachii'"}","{Brachialis,Forearms}",10-12,3,60,1/1/1,https://fitness-front-iin2.vercel.app/uploads/exercises/cable-biceps-curl.png,https://fitness-front-iin2.vercel.app/uploads/exercises/cable-biceps-curl.mp4,0
ea153208-9a62-4fa6-88f3-d5750859a808,2025-10-10 09:20:38.64233+00,2025-10-10 09:20:38.64233+00,Cable Reverse Curl,Overhand-grip cable curl to target forearm extensors and brachioradialis.,Arms,"{'"Forearm extensors'",Brachioradialis}","{'"Biceps brachii (less emphasis)'"}",8,3,90,1/1/1,https://fitness-front-iin2.vercel.app/uploads/exercises/cable-reverse-curl.png,https://fitness-front-iin2.vercel.app/uploads/exercises/cable-reverse-curl.mp4,0
001c25e6-1b81-4f54-855f-b3567f2629d0,2025-10-10 09:20:38.64233+00,2025-10-13 04:13:03.45611+00,Hack squat (Low Foot Placement),Feet low on platform to increase quadriceps activation.,Legs,{Quadriceps},"{'"Gluteus maximus'"}",8,3,90,1/1/1,https://fitness-front-iin2.vercel.app/uploads/exercises/leg-press-(low-foot-placement).png,https://fitness-front-iin2.vercel.app/uploads/exercises/leg-press-(low-foot-placement).mp4,0
d30a7a86-51f4-4479-a8e1-56a79fae8704,2025-10-10 09:20:38.64233+00,2025-10-13 22:18:49.925483+00,wide-Grip Lat Pulldown (Close Grip),Close-grip/V-handle pulldown emphasizing mid-back thickness.,Backs,"{'"Latissimus dorsi'",Rhomboids}","{'"Biceps brachii'",Trapezius,'"Posterior deltoid'"}",8,3,90,1/1/1,https://fitness-front-iin2.vercel.app/uploads/exercises/v-grip-lat-pulldown-(close-grip).png,https://fitness-front-iin2.vercel.app/uploads/exercises/v-grip-lat-pulldown-(close-grip).mp4,0
8ef2a315-0e2d-4bb2-b366-744ebaa7d322,2025-10-10 09:20:38.64233+00,2025-10-13 22:20:52.025026+00,Lat Pulldown,Wide overhand pulldown to upper chest to build lat width.,Backs,"{'"Latissimus dorsi'"}","{'"Biceps brachii'",'"Teres major'",'"Trapezius (lower and middle fibers)'"}",8,3,90,1/1/1,https://fitness-front-iin2.vercel.app/uploads/exercises/wide-grip-lat-pulldown-(front).png,https://fitness-front-iin2.vercel.app/uploads/exercises/wide-grip-lat-pulldown-(front).mp4,0
3516b5d2-1f79-4ef0-9e54-3c650aba1342,2025-10-10 09:20:33.70834+00,2025-10-13 22:34:19.615305+00,Dumbbell Front Raise,Raise dumbbells straight forward to shoulder height.,Shoulders,"{'"Anterior deltoid'"}","{'"Upper chest (clavicular head)'",'"Trapezius (upper fibers)'"}",12,3,60,1/1/1,https://fitness-front-iin2.vercel.app/uploads/exercises/dumbbell-front-raise-standing.png,https://fitness-front-iin2.vercel.app/uploads/exercises/dumbbell-front-raise-standing.mp4,0
4e847674-d44e-4e97-8820-47a7715b57fd,2025-10-10 09:20:33.70834+00,2025-10-10 09:20:33.70834+00,Crunch Upper Abs,Floor crunch focusing on upper abdominal contraction.,Core,"{'"Upper Abs'"}","{'"Rectus abdominis'"}",12,3,60,1/1/1,https://fitness-front-iin2.vercel.app/uploads/exercises/crunch-upper-abs.png,https://fitness-front-iin2.vercel.app/uploads/exercises/crunch-upper-abs.mp4,0
ab3ad900-5e51-4af6-a1cd-7449e5824974,2025-10-10 09:20:38.64233+00,2025-10-10 09:20:38.64233+00,Reverse-Grip Lat Pulldown (Underhand),Underhand pulldown shifting more load to biceps while engaging lats.,Backs,"{'"Biceps brachii'",'"Latissimus dorsi'"}","{Brachialis,Forearms,'"Teres major'"}",8,3,90,1/1/1,https://fitness-front-iin2.vercel.app/uploads/exercises/reverse-grip-lat-pulldown-(underhand).png,https://fitness-front-iin2.vercel.app/uploads/exercises/reverse-grip-lat-pulldown-(underhand).mp4,0
11086f76-81f2-487e-8e3f-044fc1df990c,2025-10-10 09:20:38.64233+00,2025-10-10 09:20:38.64233+00,Dumbbell Overhead Triceps Extension 2,Two-hand dumbbell overhead extension; keep elbows tucked.,Arms,"{'"Triceps brachii'"}","{'"Forearms (stabilization)'",'"Shoulders (stabilization)'"}",8,3,90,1/1/1,https://fitness-front-iin2.vercel.app/uploads/exercises/dumbbell-overhead-triceps-extension-2.png,https://fitness-front-iin2.vercel.app/uploads/exercises/dumbbell-overhead-triceps-extension-2.mp4,0
f2acd400-75c6-4be5-9618-6e4f3a36907c,2025-10-10 09:20:38.64233+00,2025-10-10 09:20:38.64233+00,Dumbbell Triceps Kickback,Bench-supported kickback isolating the triceps; strict elbow extension.,Arms,"{'"Triceps brachii'"}","{'"Rear deltoid (stabilization)'"}",8,3,90,1/1/1,https://fitness-front-iin2.vercel.app/uploads/exercises/dumbbell-triceps-kickback.png,https://fitness-front-iin2.vercel.app/uploads/exercises/dumbbell-triceps-kickback.mp4,0
56258290-55fd-4daf-a06a-65d3fa818250,2025-10-10 09:20:38.64233+00,2025-10-10 09:20:38.64233+00,Cable Triceps Pushdown (Straight Bar),High-pulley straight bar pushdown; elbows pinned to sides.,Arms,"{'"Triceps brachii'"}","{Anconeus,'"Forearms (stabilization)'"}",8,3,90,1/1/1,https://fitness-front-iin2.vercel.app/uploads/exercises/cable-triceps-pushdown-(straight-bar).png,https://fitness-front-iin2.vercel.app/uploads/exercises/cable-triceps-pushdown-(straight-bar).mp4,0
b9962615-de4b-4c7e-a9a7-173e74e78c58,2025-10-10 09:20:38.64233+00,2025-10-10 09:20:38.64233+00,Crunches,Floor crunch curling shoulders toward pelvis; focus on upper abs.,Core,"{'"Rectus abdominis (upper abs)'"}","{'"Obliques (stabilization)'"}",12,3,90,1/1/1,https://fitness-front-iin2.vercel.app/uploads/exercises/crunches.png,https://fitness-front-iin2.vercel.app/uploads/exercises/crunches.mp4,0
de60a31b-f8c8-4976-a7b7-ad215126df53,2025-10-10 09:20:38.64233+00,2025-10-10 09:20:38.64233+00,Leg Raises lower abs,Supine straight-leg raises emphasizing lower abs.,Core,"{'"Rectus abdominis (lower abs)'"}","{'"Hip flexors'"}",12,3,90,1/1/1,https://fitness-front-iin2.vercel.app/uploads/exercises/leg-raises-lower-abs.png,https://fitness-front-iin2.vercel.app/uploads/exercises/leg-raises-lower-abs.mp4,0
309f7e07-297f-4949-bd7c-60c208583f62,2025-10-10 09:20:38.64233+00,2025-10-10 09:20:38.64233+00,Knee-Tap Crunches,Crunch with knees raised; tap knees to combine upper/lower ab engagement.,Core,"{'"Rectus abdominis'"}","{'"Hip flexors'",Obliques}",12,3,90,1/1/1,https://fitness-front-iin2.vercel.app/uploads/exercises/knee-tap-crunches.png,https://fitness-front-iin2.vercel.app/uploads/exercises/knee-tap-crunches.mp4,0
e15f290f-0df2-436d-904e-3904dc79b6b1,2025-10-10 09:20:38.64233+00,2025-10-10 09:20:38.64233+00,Side Crunches,Side-focused crunch lifting torso diagonally toward hip.,Core,{Obliques},"{'"Rectus abdominis'"}",12,3,90,1/1/1,https://fitness-front-iin2.vercel.app/uploads/exercises/side-crunches.png,https://fitness-front-iin2.vercel.app/uploads/exercises/side-crunches.mp4,0
24cd329b-fa5d-4dce-bf8c-95250c991189,2025-10-10 09:20:38.64233+00,2025-10-10 09:20:38.64233+00,Russian Twists,Seated torso rotations holding weight or bodyweight only.,Core,{Obliques},"{'"Rectus abdominis'",'"Transverse abdominis'"}",16 (each),3,90,1/1/1,https://fitness-front-iin2.vercel.app/uploads/exercises/russian-twists.png,https://fitness-front-iin2.vercel.app/uploads/exercises/russian-twists.mp4,0
21bedb30-3d7d-4cd0-b4a1-6345a6e528a5,2025-10-10 09:20:38.64233+00,2025-10-10 09:20:38.64233+00,Bicycle Crunches,Alternating elbow-to-opposite-knee in a pedaling motion.,Core,"{'"Rectus abdominis'",Obliques}","{'"Hip flexors'"}",16 (each),3,90,1/1/1,https://fitness-front-iin2.vercel.app/uploads/exercises/bicycle-crunches.png,https://fitness-front-iin2.vercel.app/uploads/exercises/bicycle-crunches.mp4,0
7b116efb-39dd-494e-8a67-a6a735c114d5,2025-10-10 09:20:38.64233+00,2025-10-10 09:20:38.64233+00,Leg Extension (Machine),Seated knee extension to isolate quadriceps.,Legs,"{'"Quadriceps (all heads)'"}","{'"Rectus femoris (hip stabilization)'"}",10,3,90,1/1/1,https://fitness-front-iin2.vercel.app/uploads/exercises/leg-extension-(machine).png,https://fitness-front-iin2.vercel.app/uploads/exercises/leg-extension-(machine).mp4,0
acc952a9-3bde-46d2-939f-758739f8187b,2025-10-10 09:20:38.64233+00,2025-10-10 09:20:38.64233+00,Incline Dumbbell Press,Incline bench press with dumbbells emphasizing upper chest.,Chest,"{'"Pectoralis major (upper chest)'"}","{Triceps,'"Anterior deltoids'"}",8,3,90,1/1/1,https://fitness-front-iin2.vercel.app/uploads/exercises/incline-dumbbell-press.png,https://fitness-front-iin2.vercel.app/uploads/exercises/incline-dumbbell-press.mp4,0
4417d2c8-8f2c-4c5e-a731-ce5f8842c46c,2025-10-10 09:20:38.64233+00,2025-10-13 04:12:49.405067+00,Hack squat,Feet high on platform to bias glutes and hamstrings.,Legs,"{'"Gluteus maximus'",Hamstrings}","{Quadriceps,Adductors}",8,3,90,1/1/1,https://fitness-front-iin2.vercel.app/uploads/exercises/leg-press-(high-foot-placement).png,https://fitness-front-iin2.vercel.app/uploads/exercises/leg-press-(high-foot-placement).mp4,0
1276f779-4465-41e5-b9d0-731a81c4db51,2025-10-10 09:20:38.64233+00,2025-10-13 22:27:36.046175+00,Dumbbell Lateral Raise,Lateral raise to shoulder height targeting side delts.,Shoulders,"{'"Lateral deltoids'"}","{'"Trapezius (upper)'",Supraspinatus}",12,3,90,1/1/1,https://fitness-front-iin2.vercel.app/uploads/exercises/dumbbell-lateral-raise-2.png,https://fitness-front-iin2.vercel.app/uploads/exercises/dumbbell-lateral-raise-2.mp4,0
1a9bf039-4396-4877-a2ca-5de4a1f6d3c5,2025-10-10 09:20:38.64233+00,2025-10-13 22:29:22.604222+00,push up,"

",Backs,"{'"Latissimus dorsi'"}","{'"Teres major'",'"Pectoralis major (sternal head)'",'"Triceps (long head, stabilization)'"}",8,3,90,1/1/1,https://fitness-front-iin2.vercel.app/uploads/exercises/lat-pullover.png,https://fitness-front-iin2.vercel.app/uploads/exercises/lat-pullover.mp4,0
8e92e5ab-f479-41c7-900b-94395ed66f1e,2025-10-10 09:20:38.64233+00,2025-10-10 09:20:38.64233+00,Seated Row (Dumbbell or Machine),Seated pull to torso engaging lats and mid-back.,Backs,"{'"Latissimus dorsi'",Rhomboids,Trapezius}","{Biceps,'"Rear deltoids'"}",8,3,90,1/1/1,https://fitness-front-iin2.vercel.app/uploads/exercises/seated-row-(dumbbell-or-machine).png,https://fitness-front-iin2.vercel.app/uploads/exercises/seated-row-(dumbbell-or-machine).mp4,0
a68a1f0c-7537-466e-aae6-08057bf0c9f8,2025-10-10 09:20:38.64233+00,2025-10-10 09:20:38.64233+00,Seated Row (Close Grip / Machine),Close-grip machine row to target inner back and mid-back thickness.,Backs,"{'"Latissimus dorsi'",'"Middle trapezius'"}","{'"Teres major'",Rhomboids}",8,3,90,1/1/1,https://fitness-front-iin2.vercel.app/uploads/exercises/seated-row-(close-grip--machine).png,https://fitness-front-iin2.vercel.app/uploads/exercises/seated-row-(close-grip--machine).mp4,0
36d7d871-fecf-43b6-a58d-be8a17938fd5,2025-10-10 09:20:38.64233+00,2025-10-10 09:20:38.64233+00,Seated Row (Rear Delt Focus),Row with elbows flared to isolate rear delts while engaging traps/rhomboids.,Backs,"{'"Rear deltoids'",Trapezius,Rhomboids}","{'"Latissimus dorsi'"}",10,3,90,1/1/1,https://fitness-front-iin2.vercel.app/uploads/exercises/seated-row-(rear-delt-focus).png,https://fitness-front-iin2.vercel.app/uploads/exercises/seated-row-(rear-delt-focus).mp4,0
214ce1a2-5883-4259-b85e-fd7409aafbf9,2025-10-10 09:20:38.64233+00,2025-10-10 09:20:38.64233+00,Barbell Deadlift,Lift bar from floor to hip level engaging the entire posterior chain.,Full Body,"{'"Erector spinae (lower back)'",Glutes,Hamstrings}","{Quadriceps,Trapezius,Forearms,Core}",5,3,180,2/1/1,https://fitness-front-iin2.vercel.app/uploads/exercises/barbell-deadlift.png,https://fitness-front-iin2.vercel.app/uploads/exercises/barbell-deadlift.mp4,0
6021dfff-9aa2-43e6-b636-e1bfbf779902,2025-10-10 09:20:38.64233+00,2025-10-10 09:20:38.64233+00,Standard Push-Ups,Classic push-up: lower chest to floor and press up.,Chest,"{'"Pectoralis major'"}","{Triceps,'"Anterior deltoids'",Core}",AMRAP,3,90,1/1/1,https://fitness-front-iin2.vercel.app/uploads/exercises/standard-push-ups.png,https://fitness-front-iin2.vercel.app/uploads/exercises/standard-push-ups.mp4,0
f7868c3e-e34e-45e5-ad88-23f7f7344648,2025-10-10 09:20:38.64233+00,2025-10-10 09:20:38.64233+00,Wide Push-Ups,Hands wider than shoulders to emphasize chest.,Chest,"{'"Pectoralis major (outer portion)'"}","{'"Anterior deltoids'",Triceps}",AMRAP,3,90,1/1/1,https://fitness-front-iin2.vercel.app/uploads/exercises/wide-push-ups.png,https://fitness-front-iin2.vercel.app/uploads/exercises/wide-push-ups.mp4,0
c65322de-f1b5-4c75-825a-935f8f9c9a60,2025-10-10 09:20:38.64233+00,2025-10-10 09:20:38.64233+00,Hold Push-Ups (Isometric Hold),Push-up with static hold at bottom or midpoint.,Chest,"{'"Pectoralis major'"}","{Triceps,Core,'"Anterior deltoids'"}",20-40s,3,90,isometric,https://fitness-front-iin2.vercel.app/uploads/exercises/hold-push-ups-(isometric-hold).png,https://fitness-front-iin2.vercel.app/uploads/exercises/hold-push-ups-(isometric-hold).mp4,0
cb8a92f8-7ade-4597-bf78-7ca87e71fcde,2025-10-10 09:20:38.64233+00,2025-10-10 09:20:38.64233+00,Incline Bar Press,Incline bar/DB press emphasizing upper chest.,Chest,"{'"Pectoralis Major (Upper Chest)'"}","{Triceps,'"Anterior Deltoids'"}",8,3,90,1/1/1,https://fitness-front-iin2.vercel.app/uploads/exercises/incline-bar-press.png,https://fitness-front-iin2.vercel.app/uploads/exercises/incline-bar-press.mp4,0
db1c422f-d9db-41e7-b019-ff293ae22b72,2025-10-10 09:20:38.64233+00,2025-10-10 09:20:38.64233+00,Bench Bar Press Flat,Flat barbell press for overall chest strength.,Chest,"{'"Pectoralis Major'"}","{Triceps,'"Anterior Deltoids'"}",8,3,90,1/1/1,https://fitness-front-iin2.vercel.app/uploads/exercises/bench-bar-press-flat.png,https://fitness-front-iin2.vercel.app/uploads/exercises/bench-bar-press-flat.mp4,0
f1193575-050f-48a5-974a-27d8aeb22bce,2025-10-10 09:20:38.64233+00,2025-10-10 09:20:38.64233+00,Preacher Curl (EZ Bar),Preacher bench curl with EZ bar to isolate biceps.,Arms,"{'"Biceps brachii'"}","{Brachialis,Forearms}",10,3,90,1/1/1,https://fitness-front-iin2.vercel.app/uploads/exercises/preacher-curl-(ez-bar).png,https://fitness-front-iin2.vercel.app/uploads/exercises/preacher-curl-(ez-bar).mp4,0
0ff7f335-bdf5-4b33-98c7-6b3e36f9da5d,2025-10-10 09:20:38.64233+00,2025-10-13 04:09:25.062943+00,V bar Row (Bent-Over Row),Bent-over barbell row to abdomen for overall back mass.,Backs,"{'"Latissimus dorsi'",Trapezius,Rhomboids}","{Biceps,'"Spinal erectors'",'"Rear deltoids'"}",8,3,90,1/1/1,https://fitness-front-iin2.vercel.app/uploads/exercises/barbell-row-(bent-over-row).png,https://fitness-front-iin2.vercel.app/uploads/exercises/barbell-row-(bent-over-row).mp4,0
777fdfb2-7f91-469c-a629-eea9859421f1,2025-10-10 09:20:38.64233+00,2025-10-13 04:12:23.892935+00,Plank Hold (Forearm/High Plank),Hold a straight-line plank on forearms or palms.,Core,"{'"Rectus abdominis'",'"Transverse abdominis'",Obliques}","{Shoulders,Chest,Forearms}",10,3,60,2/1/2,https://fitness-front-iin2.vercel.app/uploads/exercises/plank-hold-(forearmhigh-plank).png,https://fitness-front-iin2.vercel.app/uploads/exercises/plank-hold-(forearmhigh-plank).mp4,0
37f0a00c-bdf4-4f32-8d01-8a6a96aff22b,2025-10-10 09:20:38.64233+00,2025-10-13 22:21:56.773589+00,Seated Row Wide Grip (cable  / Machine),Wide-grip machine row emphasizing upper back and shoulders.,Backs,"{'"Rear deltoids'",Rhomboids,Trapezius}","{'"Latissimus dorsi'"}",8,3,90,1/1/1,https://fitness-front-iin2.vercel.app/uploads/exercises/seated-row-(wide-grip--machine).png,https://fitness-front-iin2.vercel.app/uploads/exercises/seated-row-(wide-grip--machine).mp4,0
4df1af49-59f8-4475-87e1-02b98be0bce6,2025-10-10 09:20:38.64233+00,2025-10-13 22:24:20.902267+00,middle chest chair Push-Ups,Hands elevated; easier variation focusing lower chest.,Chest,"{'"Pectoralis major (lower chest)'"}","{Triceps,'"Anterior deltoids'"}",12,3,90,1/1/1,https://fitness-front-iin2.vercel.app/uploads/exercises/incline-push-ups.png,https://fitness-front-iin2.vercel.app/uploads/exercises/incline-push-ups.mp4,0
82b24f6b-4e0b-48ee-8d7c-9d57f6c7db5e,2025-10-10 09:20:33.70834+00,2025-10-10 09:20:33.70834+00,"Seated Cable Row -High Row , Upper Back Focus",Pulling the handle towards the upper chest shifts focus to the upper back and traps.,Backs,"{Trapezius,Rhomboids,'"Posterior deltoids'"}",{},8,3,90,1/1/1,"https://fitness-front-iin2.vercel.app/uploads/exercises/seated-cable-row--high-row-,-upper-back-focus.png","https://fitness-front-iin2.vercel.app/uploads/exercises/seated-cable-row--high-row-,-upper-back-focus.mp4",0
48143064-f434-4395-ba0b-f3fac9bed035,2025-10-10 09:20:33.70834+00,2025-10-10 09:20:33.70834+00,Seated Cable Row (Close Grip _ Squeeze Row),Keeping elbows close and squeezing shoulder blades works the middle back thickness.,Backs,"{Rhomboids,'"Rear deltoids'",'"Teres major'",'"Middle trapezius'"}",{},8,3,90,1/1/1,https://fitness-front-iin2.vercel.app/uploads/exercises/seated-cable-row-(close-grip-_-squeeze-row).png,https://fitness-front-iin2.vercel.app/uploads/exercises/seated-cable-row-(close-grip-_-squeeze-row).mp4,0
67b1da72-24cb-4278-aef7-0742458827cc,2025-10-10 09:20:33.70834+00,2025-10-10 09:20:33.70834+00,Dumbbell Wrist Curl (Palms Up),"Seated position with forearm resting on thigh, curling dumbbell upward with palm facing up to strengthen wrist flexors.",Forearms,"{'"Flexor carpi radialis'",'"Flexor carpi ulnaris'",'"Palmaris longus'"}",{},8,3,90,1/1/1,https://fitness-front-iin2.vercel.app/uploads/exercises/dumbbell-wrist-curl-(palms-up).png,https://fitness-front-iin2.vercel.app/uploads/exercises/dumbbell-wrist-curl-(palms-up).mp4,0
d811ba39-3034-4702-96fa-d779e30c89ae,2025-10-10 09:20:33.70834+00,2025-10-10 09:20:33.70834+00,Dumbbell Reverse Wrist Curl (Palms Down),Similar to wrist curl but with palms facing down to target the wrist extensors.,Forearms,"{'"Extensor carpi radialis longus'",'"Extensor carpi radialis brevis'",'"Extensor carpi ulnaris'"}",{},8,3,90,1/1/1,https://fitness-front-iin2.vercel.app/uploads/exercises/dumbbell-reverse-wrist-curl-(palms-down).png,https://fitness-front-iin2.vercel.app/uploads/exercises/dumbbell-reverse-wrist-curl-(palms-down).mp4,0
a3e472ab-3d66-4f9d-86a7-ff5fce2fac84,2025-10-10 09:20:33.70834+00,2025-10-10 09:20:33.70834+00,Dumbbell Hammer Curl (Forearm Emphasis),Performed with a neutral grip to emphasize the brachioradialis along with biceps and brachialis.,Arms,"{Brachioradialis,Brachialis,'"Biceps brachii'"}",{},8,3,90,1/1/1,https://fitness-front-iin2.vercel.app/uploads/exercises/dumbbell-hammer-curl-(forearm-emphasis).png,https://fitness-front-iin2.vercel.app/uploads/exercises/dumbbell-hammer-curl-(forearm-emphasis).mp4,0
346264dc-394b-417d-a6f9-fe7193fae343,2025-10-10 09:20:38.64233+00,2025-10-10 09:20:38.64233+00,Dumbbell Lunge,Forward lunge holding dumbbells for leg strength and stability.,Legs,"{Quadriceps,Glutes}","{Hamstrings,Calves}",8 (each),3,90,2/1/1,https://fitness-front-iin2.vercel.app/uploads/exercises/dumbbell-lunge.png,https://fitness-front-iin2.vercel.app/uploads/exercises/dumbbell-lunge.mp4,0
060e974c-28fe-4e34-bea4-31891708adc9,2025-10-10 09:20:33.70834+00,2025-10-13 04:10:00.494027+00,Barbell Row revers grip (Lats Focus),"Hinge and row the bar to lower ribs, keeping elbows tight to emphasize the lats.",Backs,"{'"Latissimus Dorsi'"}","{Rhomboids,'"Rear Deltoids'",Trapezius,'"Erector Spinae'",Biceps}",8,3,90,1/1/1,https://fitness-front-iin2.vercel.app/uploads/exercises/barbell-row-(lats-focus).png,https://fitness-front-iin2.vercel.app/uploads/exercises/barbell-row-(lats-focus).mp4,0
08d19dd6-bbd1-4efe-8234-b5b4cba79b19,2025-10-10 09:20:33.70834+00,2025-10-13 04:13:41.146392+00,Dumbbell shrugs,"Performed standing with dumbbells, pulling them upward along the body to shoulder height, engaging traps and delts.",Shoulders,"{Trapezius,'"Deltoids (anterior and lateral)'"}","{'"Biceps brachii'"}",8,3,90,1/1/1,https://fitness-front-iin2.vercel.app/uploads/exercises/dumbbell-upright-row.png,https://fitness-front-iin2.vercel.app/uploads/exercises/dumbbell-upright-row.mp4,0
1067d16e-5955-4b1d-9ca3-b9189a03bc25,2025-10-10 09:20:33.70834+00,2025-10-13 04:09:45.460486+00,Lat Pulldown,"Performed by pulling the bar behind the neck, placing greater emphasis on the rear delts and traps along with the lats.",Backs,"{'"Latissimus dorsi'",'"Posterior deltoids'"}","{Trapezius,Rhomboids,'"Biceps brachii'"}",8,3,90,1/1/1,https://fitness-front-iin2.vercel.app/uploads/exercises/lat-pulldown-(behind-the-neck-variation).png,https://fitness-front-iin2.vercel.app/uploads/exercises/lat-pulldown-(behind-the-neck-variation).mp4,0
b2b59cb1-7137-42ec-86bc-febb1d08e7ea,2025-10-10 09:20:38.64233+00,2025-10-13 04:05:44.422275+00,Hack squat,Wide stance with toes slightly out to target adductors and inner thighs.,Legs,"{'"Adductors (inner thighs)'"}","{'"Gluteus maximus'",Quadriceps,Hamstrings}",8,3,90,1/1/1,https://fitness-front-iin2.vercel.app/uploads/exercises/leg-press-(wide-stance).png,https://fitness-front-iin2.vercel.app/uploads/exercises/leg-press-(wide-stance).mp4,0
b05b916d-b6e3-47fb-9416-b6ef20af2b5d,2025-10-10 09:20:38.64233+00,2025-10-13 04:07:21.8685+00,Smith Machine Squat,Smith squat focusing on quads/glutes; keep knees tracking toes.,Legs,"{Quadriceps,Glutes}","{Hamstrings,Calves,'"Lower back'"}",8-10,3,120,2/1/1,https://fitness-front-iin2.vercel.app/uploads/exercises/smith-machine-squat-correctly.png,https://fitness-front-iin2.vercel.app/uploads/exercises/smith-machine-squat-correctly.mp4,0
8147c9b0-cf2b-444f-968d-c6e32b985bc7,2025-10-10 09:20:38.64233+00,2025-10-13 04:08:37.749646+00,incline Push-Ups,Feet elevated to bias upper chest and shoulders.,Chest,"{'"Pectoralis major (upper chest)'"}","{Triceps,'"Anterior deltoids'",Core}",12,3,90,1/1/1,https://fitness-front-iin2.vercel.app/uploads/exercises/decline-push-ups.png,https://fitness-front-iin2.vercel.app/uploads/exercises/decline-push-ups.mp4,0
63099f7d-cd2b-4061-9b30-549e2d2bfd93,2025-10-10 09:20:38.64233+00,2025-10-13 04:14:02.612088+00,Dips (Triceps Focus),Upright torso dips emphasizing elbow extension.,Triceps,"{'"Triceps brachii'"}","{'"Anterior deltoids'",'"Chest (lower fibers)'"}",12,3,120,1/1/1,https://fitness-front-iin2.vercel.app/uploads/exercises/parallel-bar-dips-(triceps-focus).png,https://fitness-front-iin2.vercel.app/uploads/exercises/parallel-bar-dips-(triceps-focus).mp4,0
ebec3af7-7bbf-48fb-b9dc-69a951f2cbc3,2025-10-10 09:20:38.64233+00,2025-10-13 22:17:30.429072+00,barbell Reverse Curl Forearms,Overhand dumbbell curl emphasizing brachioradialis and extensors.,Forearms,{Brachioradialis},"{'"Forearm extensors'",'"Biceps brachii'"}",10,3,60,1/1/1,https://fitness-front-iin2.vercel.app/uploads/exercises/dumbbell-reverse-curl-forearms.png,https://fitness-front-iin2.vercel.app/uploads/exercises/dumbbell-reverse-curl-forearms.mp4,0
1b201242-7583-4abe-ae5e-69b16b32e991,2025-10-13 05:37:08.925422+00,2025-10-13 05:37:08.925422+00,seted row close grip,Back,{},{},8,3,90,1/1/1,https://fitness-front-iin2.vercel.app/uploads/exercises/seated-cable-row--low-grip--neutral-grip.png,https://fitness-front-iin2.vercel.app/uploads/exercises/seated-cable-row--low-grip--neutral-grip.mp4,0
8beabb06-b03c-4dd0-b1b1-28e0d8f9d4ff,2025-10-10 09:20:33.70834+00,2025-10-13 22:31:54.575731+00,Dumbbell Lateral Raise seated,Raising dumbbells to the side at shoulder height to isolate the lateral delts for width.,Shoulders,"{'"Lateral deltoid'"}","{Supraspinatus,Trapezius}",8,3,90,1/1/1,https://fitness-front-iin2.vercel.app/uploads/exercises/dumbbell-lateral-raise-sitting.png,https://fitness-front-iin2.vercel.app/uploads/exercises/dumbbell-lateral-raise-sitting.mp4,0
c345afee-1c74-40fa-ad45-01e17e641e35,2025-10-10 09:20:38.64233+00,2025-10-13 22:18:11.287654+00,Incline Dumbbell Curl,Incline bench curl emphasizing the long head stretch.,Arms,"{'"Biceps brachii (long head)'"}",{Brachialis},10-12,3,75,1/1/1,https://fitness-front-iin2.vercel.app/uploads/exercises/incline-dumbbell-curl-(long-head).png,https://fitness-front-iin2.vercel.app/uploads/exercises/incline-dumbbell-curl-(long-head).mp4,0
cc294932-56c2-4520-a18d-d81f0c3ee6c5,2025-10-10 09:20:38.64233+00,2025-10-10 09:20:38.64233+00,Leg Extension (Machine) 2,Leg extension machine to isolate quadriceps.,Legs,{Quadriceps},{},10,3,90,1/1/1,https://fitness-front-iin2.vercel.app/uploads/exercises/leg-extension-(machine)-2.png,https://fitness-front-iin2.vercel.app/uploads/exercises/leg-extension-(machine)-2.mp4,0
641d1dbb-8902-422f-86a0-170e41aef12d,2025-10-10 09:20:38.64233+00,2025-10-10 09:20:38.64233+00,Leg Press (Machine),Press weight with feet to work quads and glutes.,Legs,"{Quadriceps,Glutes}","{Hamstrings,Calves}",10,3,90,1/1/1,https://fitness-front-iin2.vercel.app/uploads/exercises/leg-press-(machine).png,https://fitness-front-iin2.vercel.app/uploads/exercises/leg-press-(machine).mp4,0
a6b3f061-4ffd-4a3b-b2bd-cad2eba3743c,2025-10-10 09:20:38.64233+00,2025-10-10 09:20:38.64233+00,One-Arm Dumbbell Row,Bench-supported one-arm row to engage lats and mid-back.,Backs,"{'"Latissimus dorsi'"}","{Rhomboids,Trapezius,'"Rear delts'",Biceps}",8 (each),3,90,1/1/1,https://fitness-front-iin2.vercel.app/uploads/exercises/one-arm-dumbbell-row.png,https://fitness-front-iin2.vercel.app/uploads/exercises/one-arm-dumbbell-row.mp4,0
190c4d4b-1325-4e8b-81f4-be470b4a4793,2025-10-10 09:20:38.64233+00,2025-10-10 09:20:38.64233+00,Barbell Wrist Curl (Overhand),Overhand wrist curls to target forearm extensors.,Forearms,"{'"Extensor carpi radialis'",'"Extensor digitorum'"}",{Brachioradialis},12,3,60,1/1/1,https://fitness-front-iin2.vercel.app/uploads/exercises/barbell-wrist-curl-(overhand).png,https://fitness-front-iin2.vercel.app/uploads/exercises/barbell-wrist-curl-(overhand).mp4,0
b595dbf9-0567-4322-bb79-bb34bc9f3cd3,2025-10-10 09:20:38.64233+00,2025-10-10 09:20:38.64233+00,Barbell Wrist Curl (Underhand),Underhand wrist curls to target forearm flexors.,Forearms,"{'"Flexor carpi radialis'",'"Flexor carpi ulnaris'"}",{Brachioradialis},12,3,60,1/1/1,https://fitness-front-iin2.vercel.app/uploads/exercises/barbell-wrist-curl-(underhand).png,https://fitness-front-iin2.vercel.app/uploads/exercises/barbell-wrist-curl-(underhand).mp4,0
6520127f-402e-4af7-bf86-abb1134f35f7,2025-10-10 09:20:38.64233+00,2025-10-10 09:20:38.64233+00,Reverse Barbell Curl (Behind the Back),Bar held behind body with overhand grip; curl to hit forearm extensors.,Forearms,"{Brachioradialis,'"Forearm extensors'"}","{'"Biceps brachii (minimal activation)'"}",10,3,60,1/1/1,https://fitness-front-iin2.vercel.app/uploads/exercises/reverse-barbell-curl-(behind-the-back).png,https://fitness-front-iin2.vercel.app/uploads/exercises/reverse-barbell-curl-(behind-the-back).mp4,0
055be1f0-2aee-4764-a6d4-a23b8f7142e1,2025-10-10 09:20:38.64233+00,2025-10-10 09:20:38.64233+00,Machine Chest Fly (Pec Deck) Correctly,Pec deck fly bringing arms together in hugging motion.,Chest,"{'"Pectoralis major'"}","{'"Anterior deltoids'",'"Biceps (short head)'"}",10-12,3,90,1/1/1,https://fitness-front-iin2.vercel.app/uploads/exercises/machine-chest-fly-(pec-deck)-correctly.png,https://fitness-front-iin2.vercel.app/uploads/exercises/machine-chest-fly-(pec-deck)-correctly.mp4,0
142a9dc5-7a49-4765-b557-2bab5dd9ebd2,2025-10-10 09:20:38.64233+00,2025-10-10 09:20:38.64233+00,Concentration Curl Biceps brachii,Seated concentration curl with elbow braced on inner thigh.,Arms,"{'"Biceps brachii'"}","{Brachialis,Brachioradialis}",10-12,3,75,1/1/1,https://fitness-front-iin2.vercel.app/uploads/exercises/concentration-curl-biceps-brachii.png,https://fitness-front-iin2.vercel.app/uploads/exercises/concentration-curl-biceps-brachii.mp4,0
0064b63f-1235-43c2-8d7d-b9dd989eddc5,2025-10-10 09:20:38.64233+00,2025-10-10 09:20:38.64233+00,Preacher Curl,Preacher bench curl minimizing momentum to hit lower biceps.,Arms,"{'"Biceps brachii'"}",{Brachialis},10-12,3,75,1/1/1,https://fitness-front-iin2.vercel.app/uploads/exercises/preacher-curl.png,https://fitness-front-iin2.vercel.app/uploads/exercises/preacher-curl.mp4,0
be87fde1-e54f-4787-8d63-658b29b60a47,2025-10-10 09:20:38.64233+00,2025-10-10 09:20:38.64233+00,Seated Dumbbell Curl,Seated bilateral dumbbell curl for overall biceps mass.,Arms,"{'"Biceps brachii'"}",{Forearms},10,3,75,1/1/1,https://fitness-front-iin2.vercel.app/uploads/exercises/seated-dumbbell-curl.png,https://fitness-front-iin2.vercel.app/uploads/exercises/seated-dumbbell-curl.mp4,0
a04e668f-8e33-4cd5-991e-a749472f56d6,2025-10-10 09:20:38.64233+00,2025-10-10 09:20:38.64233+00,Pseudo Planche Push-Up,Hands set low near waist; advanced push-up emphasizing chest/shoulders.,Chest,"{'"Chest (sternal head)'"}","{Triceps,'"Front delts'"}",AMRAP,3,120,1/1/1,https://fitness-front-iin2.vercel.app/uploads/exercises/pseudo-planche-push-up.png,https://fitness-front-iin2.vercel.app/uploads/exercises/pseudo-planche-push-up.mp4,0
eb023a26-9f08-47a7-9d4d-c30771247d6e,2025-10-10 09:20:38.64233+00,2025-10-10 09:20:38.64233+00,Inverted Row (Overhand Grip),Bodyweight row with overhand grip targeting mid-upper back.,Backs,"{Trapezius,Rhomboids,'"Latissimus dorsi'"}","{'"Rear deltoids'",Biceps}",AMRAP,3,90,1/1/1,https://fitness-front-iin2.vercel.app/uploads/exercises/inverted-row-(overhand-grip).png,https://fitness-front-iin2.vercel.app/uploads/exercises/inverted-row-(overhand-grip).mp4,0
ac38b6a8-8998-4d39-9221-6aee6e3d14cf,2025-10-10 09:20:38.64233+00,2025-10-10 09:20:38.64233+00,Inverted Row (Underhand Grip),Underhand bodyweight row emphasizing lats and lower traps.,Backs,"{'"Latissimus dorsi'",'"Lower traps'"}","{Biceps,Rhomboids}",AMRAP,3,90,1/1/1,https://fitness-front-iin2.vercel.app/uploads/exercises/inverted-row-(underhand-grip).png,https://fitness-front-iin2.vercel.app/uploads/exercises/inverted-row-(underhand-grip).mp4,0
9a5f2c23-9e70-43d2-8ec3-8cb7eee69b60,2025-10-10 09:20:38.64233+00,2025-10-10 09:20:38.64233+00,Inverted Row (Neutral Grip),Neutral grip row variant engaging lats and arms.,Backs,"{Lats,Biceps,Trapezius}","{'"Rear delts'",Rhomboids}",AMRAP,3,90,1/1/1,https://fitness-front-iin2.vercel.app/uploads/exercises/inverted-row-(neutral-grip).png,https://fitness-front-iin2.vercel.app/uploads/exercises/inverted-row-(neutral-grip).mp4,0
744896d3-a210-4250-b2b6-c5cda5d3dcb8,2025-10-10 09:20:38.64233+00,2025-10-10 09:20:38.64233+00,Barbell Wrist Curl (Overhand Grip),Seated overhand wrist curls for forearm extensors.,Forearms,"{'"Forearm extensors'"}","{'"Grip strength'"}",12,3,60,1/1/1,https://fitness-front-iin2.vercel.app/uploads/exercises/barbell-wrist-curl-(overhand-grip).png,https://fitness-front-iin2.vercel.app/uploads/exercises/barbell-wrist-curl-(overhand-grip).mp4,0
bcc9ffff-9157-4dce-a3b8-ae9ef3eab0ef,2025-10-10 09:20:38.64233+00,2025-10-10 09:20:38.64233+00,Barbell Wrist Curl (Underhand Grip),Seated underhand wrist curls for forearm flexors.,Forearms,"{'"Forearm flexors'"}","{'"Grip strength'"}",12,3,60,1/1/1,https://fitness-front-iin2.vercel.app/uploads/exercises/barbell-wrist-curl-(underhand-grip).png,https://fitness-front-iin2.vercel.app/uploads/exercises/barbell-wrist-curl-(underhand-grip).mp4,0
aa6d7148-2dcc-4ac5-a96f-02cab5a08d0a,2025-10-10 09:20:38.64233+00,2025-10-10 09:20:38.64233+00,Back Extension (Hyperextension),Hip-hinge on hyperextension bench to strengthen lower back.,Legs,"{'"Erector spinae'"}","{Glutes,Hamstrings}",12,3,60,2/1/1,https://fitness-front-iin2.vercel.app/uploads/exercises/back-extension-(hyperextension).png,https://fitness-front-iin2.vercel.app/uploads/exercises/back-extension-(hyperextension).mp4,0
3eb67ff9-887e-4668-b5a8-64e3d3b32ecb,2025-10-10 09:20:38.64233+00,2025-10-10 09:20:38.64233+00,Barbell Curl Biceps,Standing barbell curls to build biceps strength.,Arms,"{'"Biceps brachii'"}","{Brachialis,Forearms}",8-10,3,75,1/1/1,https://fitness-front-iin2.vercel.app/uploads/exercises/barbell-curl-biceps.png,https://fitness-front-iin2.vercel.app/uploads/exercises/barbell-curl-biceps.mp4,0
e72d4872-4870-4cd6-90ef-e7c04d369c78,2025-10-10 09:20:38.64233+00,2025-10-10 09:20:38.64233+00,Cable Side Lateral Raise,Cable lateral raise isolating the side deltoids.,Shoulders,"{'"Lateral deltoids'"}","{Trapezius,Stabilizers}",12-15,3,60,1/1/1,https://fitness-front-iin2.vercel.app/uploads/exercises/cable-side-lateral-raise.png,https://fitness-front-iin2.vercel.app/uploads/exercises/cable-side-lateral-raise.mp4,0
e1884e7d-6878-4fb5-ac97-bce8aa93f673,2025-10-10 09:20:38.64233+00,2025-10-10 09:20:38.64233+00,Barbell Deadlift Correctly,Conventional deadlift with correct form for posterior chain and grip.,Lower Body,"{'"Erector spinae'",Glutes,Hamstrings}","{Quadriceps,Trapezius,Forearms}",5,3,180,2/1/1,https://fitness-front-iin2.vercel.app/uploads/exercises/barbell-deadlift-correctly.png,https://fitness-front-iin2.vercel.app/uploads/exercises/barbell-deadlift-correctly.mp4,0
661be63e-fe1e-438c-90fc-6db4d9a98bce,2025-10-10 09:20:38.64233+00,2025-10-10 09:20:38.64233+00,Seated Overhead Dumbbell Triceps Extension,Seated overhead extension targeting triceps; elbows stay close.,Arms,"{'"Triceps brachii'"}","{'"Deltoids (stabilizers)'",Forearms}",10,3,75,1/1/1,https://fitness-front-iin2.vercel.app/uploads/exercises/seated-overhead-dumbbell-triceps-extension.png,https://fitness-front-iin2.vercel.app/uploads/exercises/seated-overhead-dumbbell-triceps-extension.mp4,0
c639573c-2c33-4a82-82aa-d39c7d7b40bb,2025-10-10 09:20:38.64233+00,2025-10-10 09:20:38.64233+00,Dumbbell Chest Fly,Flat bench dumbbell fly in a wide arc to isolate chest.,Chest,"{'"Pectoralis major'"}","{'"Anterior deltoids'",'"Biceps (short head)'",'"Forearms (stabilizers)'"}",10-12,3,90,1/1/1,https://fitness-front-iin2.vercel.app/uploads/exercises/dumbbell-chest-fly.png,https://fitness-front-iin2.vercel.app/uploads/exercises/dumbbell-chest-fly.mp4,0
e83c5f39-b609-4bf5-b967-f3c259cb3302,2025-10-10 09:20:38.64233+00,2025-10-10 09:20:38.64233+00,Archer Push-Up Chest (unilateral focus),One arm bends while other stays extended for unilateral chest load.,Chest,"{'"Chest (unilateral focus)'"}","{Deltoids,Triceps}",AMRAP (each),3,120,1/1/1,https://fitness-front-iin2.vercel.app/uploads/exercises/archer-push-up-chest-(unilateral-focus).png,https://fitness-front-iin2.vercel.app/uploads/exercises/archer-push-up-chest-(unilateral-focus).mp4,0
0cef1106-903c-43ed-8fce-eca643507a74,2025-10-10 09:20:38.64233+00,2025-10-10 09:20:38.64233+00,Triceps Extension (Bodyweight / Lying),Bodyweight triceps extension from prone position; elbow-driven.,Triceps,"{'"Triceps brachii'"}","{'"Anterior deltoids'"}",AMRAP,3,90,1/1/1,https://fitness-front-iin2.vercel.app/uploads/exercises/triceps-extension-(bodyweight--lying).png,https://fitness-front-iin2.vercel.app/uploads/exercises/triceps-extension-(bodyweight--lying).mp4,0
f1eaeec2-0e3c-43b0-b8c6-e2934ad713d9,2025-10-10 09:20:38.64233+00,2025-10-13 03:56:50.861033+00,Dips (Chest Focus),Forward-lean dips to bias lower chest fibers.,Chest,"{'"Pectoralis major (lower fibers)'"}","{'"Triceps brachii'",'"Anterior deltoids'"}",12,3,120,1/1/1,https://fitness-front-iin2.vercel.app/uploads/exercises/parallel-bar-dips-(chest-focus).png,https://fitness-front-iin2.vercel.app/uploads/exercises/parallel-bar-dips-(chest-focus).mp4,0
777b62b2-d3a0-4f0a-b6ac-f5edd8c78e74,2025-10-10 09:20:38.64233+00,2025-10-13 22:20:29.050234+00,Cable Curl Biceps,Overhand cable curl focusing on brachioradialis and forearms.,Arms,"{Brachioradialis,Forearms}","{'"Biceps (brachialis)'",Extensors}",10,3,75,1/1/1,https://fitness-front-iin2.vercel.app/uploads/exercises/cable-reverse-curl-biceps.png,https://fitness-front-iin2.vercel.app/uploads/exercises/cable-reverse-curl-biceps.mp4,0
4c6e6c88-d0ae-40da-8265-bab383c51aa8,2025-10-10 09:20:38.64233+00,2025-10-10 09:20:38.64233+00,L-Sit Hold,Static L-sit with legs extended; heavy core/hip flexor demand.,Core,"{'"Rectus abdominis'",'"Hip flexors'"}","{Shoulders,Triceps}",10-20s,3,60,isometric,https://fitness-front-iin2.vercel.app/uploads/exercises/l-sit-hold.png,https://fitness-front-iin2.vercel.app/uploads/exercises/l-sit-hold.mp4,0
